SMILES,Bioactivity
CCc1c(C(=O)NCCc2ccccc2Cl)[nH]c2ccc(Cl)cc12,inactive
Cc1ccccc1C(c1ccc(Cl)cc1)N1CCN(C(=O)NCC2CCCCC2)CC1,active
O=C(Oc1cccc2cccnc12)c1cccc(S(=O)(=O)N2CCCC2)c1,active
CCC#Cc1ccc(-c2c(C)c(C(=O)NN3CCCCCC3)nn2-c2ccc(Cl)cc2Cl)s1,active
Cc1cc(C)cc(S(=O)(=O)N2CCN(C(=O)C3CCCCC3)CC2)c1,active
COc1ccc2[nH]c(S(=O)(=O)NCc3ccc(-c4ccc(CO)cc4)cc3)cc2c1,active
CCCCOC(=O)Cn1nc(-c2ccc(Cl)cc2Cl)c(-c2ccc(Cl)cc2Cl)n1,inactive
CC(C)(C)NS(=O)(=O)c1ccc(NC(=O)C(Sc2ccccc2)c2ccccc2)cc1,inactive
NC(=O)c1cccc(-c2ccc(CNS(=O)(=O)c3cc4ccccc4[nH]3)cc2)c1,active
CC(C)(C)/C(N)=N\C(=N\S(=O)(=O)N1CCCCC1)N1CC(c2ccccc2)C(c2ccc(Cl)cc2)=N1,active
CCCCCCOc1ccc(C(=O)c2cccc3ccccc23)c2ccccc12,active
CCN(CC)c1ccc(CCNC(=O)c2cc3cc(Cl)ccc3[nH]2)cc1,active
NC(=O)Cc1c(C(=O)N2CCC(C(=O)O)(c3ccccn3)CC2)nn(-c2ccccc2Cl)c1-c1ccc(Cl)cc1,active
O=C(C1CCCCC1)N1CCN(C(c2ccccc2)c2ccc(Cl)cc2Cl)CC1,active
COc1ccc(-c2oc3ccccc3c2C(=O)c2ccc(NCC3CC3)cc2)cc1,inactive
Cc1cccc(-c2cccc(NC(=O)Nc3ccc(Cl)cc3)c2)c1,active
Cc1ccc(C(=O)Nc2ccccc2)cc1S(=O)(=O)N1CCCC1,inactive
COc1ccc(C(=O)Oc2cccc3cccnc23)cc1S(=O)(=O)N1CCOCC1,active
O=C(Nc1ccc(Cl)cc1)Nc1ccc(-c2cccnc2)s1,active
C[C@H](NC(=O)C(C)(C)Oc1ccc(Cl)cn1)[C@@H](Cc1ccc(Cl)cc1)c1ccccc1,active
COc1ccc(-c2c(C)c(C3=NC(=O)C(C)(C)N3C)nn2-c2ccc(Cl)cc2Cl)cc1,active
Cc1ccc(C(=O)Nc2ccccc2)cc1S(=O)(=O)N1CCCCC1,inactive
COc1ccc(-c2oc3ccccc3c2C(=O)c2ccc(OCCN(C)Cc3ccccc3)cc2)cc1,inactive
CC(C)(C)[C@H](N/C(=N\S(=O)(=O)c1ccc(Cl)cc1)N1CC(c2ccccc2)C(c2ccc(Cl)cc2)=N1)C(N)=O,active
O=C(NN1CCCCC1)c1cnc(-c2ccccc2Cl)c(-c2ccccc2Cl)n1,active
Cc1ccc(-c2cc(S(=O)(=O)NC3CC4CC(C3C)C4(C)C)nnc2-c2ccc(C)cc2)cc1,active
O=C(Cn1nc(-c2ccc(Cl)cc2)c(-c2ccc(Cl)cc2Cl)n1)NCc1ccccc1,active
N#CCc1c(C(=O)N2CCC(O)(c3ccc(F)cc3)CC2)nn(-c2ccccc2Cl)c1-c1ccc(Cl)cc1,active
COc1ccc(C(=O)c2c(-c3ccc(OC)cc3)sc3ccccc23)cc1,inactive
C[C@H](NC(=O)C(C)(C)Oc1ccc(Cl)cc1)[C@@H](Cc1ccccc1Cl)c1ccccc1,active
COc1cc(/C=C2\N=C(Nc3ccccc3)NC2=O)ccc1O,inactive
O=C(c1cccc2ccccc12)c1ccc(OCCCO)c2ccccc12,inactive
N#CCc1c(C(=O)NC2CCCCCC2)nn(-c2ccccc2Cl)c1-c1ccc(Cl)cc1,active
O=C(NCC1CCC1)c1ncccc1NC(=O)c1cccc2cnccc12,active
CC(C)(C)c1nc(N)c2cc(-c3ccc(Cl)cc3)c(-c3ccccc3Cl)nc2n1,active
Cc1c(C(=O)NCCCc2ccc(/N=N\c3ccccc3)cc2)nn(CCCCCO)c1-c1ccccc1,inactive
Cc1c(C(=O)NC2CCCCC2)nn(-c2ccc(Cl)cc2Cl)c1-n1cccc1,active
C[C@@H](O)NC(=O)C1CC(C)(C)N(C)c2nc(-c3ccc(Cl)cc3Cl)c(-c3ccc(Cl)cc3)cc21,active
CCCCCc1cc(O)c(C/C=C(\C)CC/C=C(\C)CCC=C(C)C)c(O)c1,inactive
CC(=O)Nc1c(C(C)=O)c(=O)n(CC2CCCO2)c2nc(-c3ccc(Cl)cc3Cl)c(-c3ccc(Cl)cc3)cc12,active
O=C(Nc1ccc(Cl)cc1)Nc1cccc(-c2ccccc2)c1,active
O=C(NN1CCCCC1)c1nc(-c2ccc(Cl)cc2)c(-c2ccc(Cl)cc2)o1,inactive
NC(=O)Cc1c(C(=O)N2CCC(O)(c3ccc(F)cn3)CC2)nn(-c2ccccc2Cl)c1-c1ccc(Cl)cc1,active
CCNC(=O)c1cc(-c2ccc(Cl)cc2)c(-c2ccc(Cl)cc2Cl)nc1OCc1ccccc1,active
O=C(Nc1ccc(Cl)cc1)Nc1ccc(-c2ccc(Cl)cc2)s1,active
CCc1cc(C(=O)N[C@@H]2CC(C)(C)Oc3nc(-c4ccc(Cl)cc4Cl)c(-c4ccc(Cl)cc4)cc32)n[nH]1,active
CC(C)(C)/C(N)=N/C(=N/S(=O)(=O)N1CCCC1)N1CC(c2ccccc2)C(c2ccc(Cl)cc2)=N1,active
O=C(Nc1ccc(Cl)cc1)Nc1ccc(-c2ccc(F)cc2)s1,active
Cc1nn(-c2ccc(Cl)cc2)c(-n2cccc2)c1C(=O)NCc1ccc(Cl)c(Cl)c1,inactive
COc1ccc(C(F)(F)F)cc1Cn1c(C(=O)NCCC2(O)CCC2)cc2cc(C#N)ccc21,active
O=C(NCC1CCCCC1)N1CCN(C(c2ccc(Cl)cc2)c2ccccc2Cl)CC1,active
Cc1ccc(C(=O)Nc2cccc3cnccc23)cc1S(=O)(=O)N1CCCCC1,inactive
N#Cc1cc(-c2ccc(Cl)cc2)c(-c2ccc(Cl)cc2Cl)nc1OCCNC(=O)C1CCC1,active
CCc1c(C(=O)NCCc2cccc(Cl)c2)[nH]c2ccc(Cl)cc12,active
CC(C)(C)c1nc(-c2ccc(F)cc2)c2cc(-c3ccc(Cl)cc3)c(-c3ccccc3Cl)nc2n1,active
Cc1ccc(C(F)(F)F)cc1C(=O)/N=c1\sc(C(C)(C)C)c(C)n1CC1CC1,inactive
N#Cc1cc(-c2ccc(Cl)cc2)c(-c2ccc(Cl)cc2Cl)nc1Sc1ccc(F)cc1,active
Cc1cc(NC(C)(C)C(=O)N[C@@H](C)[C@@H](Cc2ccc(Cl)cc2)c2cccc(C#N)c2)no1,active
Cc1cc(C(=O)N[C@@H]2CC(C)(C)Oc3nc(-c4ccc(Cl)cc4Cl)c(-c4ccc(Cl)cc4)cc32)n[nH]1,active
Cc1ccccc1C(c1ccc(Cl)cc1)N1CCN(C(=O)NC(C)C)CC1,inactive
C[C@H](NS(=O)(=O)c1cc(F)cc(F)c1)[C@@H](Cc1ccc(Cl)cc1)c1cccc(C#N)c1,active
CC(C(=O)N1CCN(S(=O)(=O)c2cc(Cl)cc(Cl)c2)CC1)c1ccc(C(F)(F)F)cc1,active
O=C(Nc1cc(Cl)cc(Cl)c1)Nc1cccc(-c2cccc(N3CCCC3)n2)c1,active
O=C(C1CC1)N1CCN(S(=O)(=O)c2ccc(Cl)cc2)CC1,inactive
O=C(Cn1nc(-c2ccc(Cl)cc2)c(-c2ccc(Cl)cc2Cl)n1)NCc1ccccc1F,active
COc1ccc(-c2ncc(C(=O)NC3CCCCC3)nc2-c2ccc(OC)cc2)cc1,active
CCCCCc1cc(O)c2c(c1)OC(C)(C)C1=C2C(O)C(C)(OC)CC1,inactive
CCCCCc1cc2c(c(OS(=O)(=O)c3ccc(C)cc3)c1)[C@H]1[C@@H](CC=C(C)[C@@H]1OO)C(C)(C)O2,inactive
Cc1[nH]nc(-c2ccc(OCCN3CCOCC3)cc2O)c1-c1ccc(Cl)cc1,inactive
C[C@@H](O)C(=O)NC1CC(C)(C)Oc2nc(-c3ccc(Cl)cc3Cl)c(-c3ccc(Cl)cc3)cc21,active
Cc1ccc2cc(C)c3nnc(SCC(=O)N(C)c4nc(-c5ccccc5)cs4)n3c2c1,inactive
CCN(CC)S(=O)(=O)/N=C(/N=C(\N)c1ccc(F)cc1)N1CC(c2ccccc2)C(c2ccc(Cl)cc2)=N1,active
CCC(N)(C#Cc1nc(-c2ccccc2Cl)c(-c2ccc(Cl)cc2)cc1C#N)CC,active
Nc1nc(-c2ccc(Cl)cc2)nc2nc(-c3ccccc3Cl)c(-c3ccc(Cl)cc3)cc12,active
COC(=O)c1ccccc1C1CCN(C(=O)c2nn(-c3ccccc3Cl)c(-c3ccc(Cl)cc3)c2CC#N)CC1,active
Cc1ccc(C2(C(=O)N3CCC(n4nc(-c5ccccc5)oc4=O)CC3)CC2)cc1,inactive
CCc1c(S(=O)(=O)NCCc2ccc(N3CCCCC3)cc2)[nH]c2ccc(Cl)cc12,active
CCCCCCc1nc(-c2ccc(Cl)cc2)n(-c2ccc(Cl)cc2Cl)n1,active
Cn1c(C(C)(C)C)c/c(=N\C(=O)c2cc(C(F)(F)F)ccc2F)n1CC1CC1,inactive
C[C@H](NC(=O)C(C)(C)Oc1ccccn1)[C@@H](Cc1ccc(Cl)cc1)c1ccccc1,active
CS/C(N)=N/C(=N/S(=O)(=O)N1CCC(C(F)(F)F)CC1)N1C[C@H](c2ccccc2)C(c2ccc(Cl)cc2)=N1,active
Cc1ccc(C(=O)Oc2cccc3cccnc23)cc1S(=O)(=O)N1CCOCC1,active
CCCN(CCC)c1cccc(-c2cccc(NC(=O)Nc3ccc(Cl)cc3)c2)n1,active
CCCCNS(=O)(=O)c1ccc(Nc2ccc(Cl)cc2Cl)cc1C(F)(F)F,inactive
CC(=O)c1oc2nc(-c3ccc(Cl)cc3Cl)c(-c3ccc(Cl)cc3)cc2c1N,active
N=C(N)Cc1c(C(=O)NN2CCCCC2)nn(-c2ccccc2Cl)c1-c1ccc(Cl)cc1,active
N#CCc1c(C(=O)N2CCC(c3ncccn3)CC2)nn(-c2ccccc2Cl)c1-c1ccc(Cl)cc1,active
O=C1NC(Nc2ccccc2)=N/C1=C\c1ccc2c(c1)OCO2,active
CCc1c(C(=O)NCCc2ccc(Cl)c(Cl)c2)[nH]c2ccc(Cl)cc12,inactive
CN(C)C(=O)Nc1c(C(=O)C(C)(C)C)oc2nc(-c3ccccc3Cl)c(-c3ccc(Cl)cc3)cc12,active
C[C@H](NS(=O)(=O)c1ccc2ccccc2c1)[C@@H](Cc1ccc(Cl)cc1)c1cccc(C#N)c1,active
Cc1c(C(=O)NCCCc2ccccc2/N=N\c2ccccc2)nn(CCCCCO)c1-c1ccccc1,inactive
COc1cc(-c2cncc(-c3ccc(N4CCNCC4)cc3)c2C)cc(OC)c1OC,inactive
COc1ccc(-n2cc3c(-c4ccc(-c5ccccc5)cc4)nnc(C)c3n2)cc1,inactive
O=C(NC1CCCCC1)N1CCN(C(c2ccc(Cl)cc2)c2ccccc2C(F)(F)F)CC1,active
Cc1c(C2=NC(=O)C(C)(C)N2Cc2ccccc2)nn(-c2ccc(Cl)cc2Cl)c1-c1ccc(Cl)cc1,active
CC(C)(O)C(=O)c1oc2nc(-c3ccccc3Cl)c(-c3ccc(Cl)cc3)cc2c1NC(=O)CO,active
CCOC(=O)c1ccc(S(=O)(=O)/N=C(\NC)N2CC(c3ccccc3)C(c3ccc(Cl)cc3)=N2)cc1,active
CC(C)(C)NC(=O)N1CCN(C(c2ccc(Cl)cc2)c2cccc(Cl)c2Cl)CC1,active
CCc1c(C(=O)NCCc2cccc(OC)c2)[nH]c2ccc(Cl)cc12,inactive
O=C(NCc1ncc(C(F)(F)F)cc1Cl)c1ccc2c(c1)C1(CCS(=O)(=O)CC1)[C@H](C1CC1)N2S(=O)(=O)c1ccc(F)cc1,inactive
CC(C)C(NC(=O)c1nn(-c2ccccc2Cl)c(-c2ccc(Cl)cc2)c1CC#N)C(=O)O,inactive
COc1ccc(-c2nn(C(=O)NC3CCCCC3)c(=O)n2-c2ccc(C)cc2)cc1,inactive
O=C(NC1(C(=O)O)CCCCC1)c1cc2c(n(Cc3ccc(F)cc3)c1=O)CCCCCC2,active
CCc1c(C2=NC3(CCC3)C(=O)N2)nn(-c2ccc(Cl)cc2Cl)c1-c1ccc(Cl)cc1,active
N=C(Cc1c(C(=O)NN2CCCCC2)nn(-c2ccccc2Cl)c1-c1ccc(Cl)cc1)NO,active
O=C(C1CCCCC1)N1CCN(S(=O)(=O)c2cc(Cl)cc(Cl)c2)CC1,active
O=C(NC1CCCCCC1)N1CCN(C(c2ccc(Cl)cc2)c2ccccc2Cl)CC1,active
CC(=O)Nc1c(C(C)=O)c(O)nc2nc(-c3ccc(Cl)cc3Cl)c(-c3ccc(Cl)cc3)cc12,active
C[C@H](NC(=O)C(C)(C)Oc1ccc(Cl)cc1)[C@@H](Cc1ccc(Cl)cc1)c1ccc(Cl)cc1,active
CCc1c(C2=NC(=S)C(C)(C)N2C)nn(-c2ccc(Cl)cc2Cl)c1-c1ccc(Cl)cc1,active
CC1(C)CC(NC(=O)CC(O)C(F)(F)F)c2cc(-c3ccc(Cl)cc3)c(-c3ccc(Cl)cc3Cl)nc2O1,active
CCCCCCCCCCC/C(=N\O)c1cc(-c2ccc(O)c(F)c2)ccc1O,inactive
CCc1c(C(=O)NCCc2ccc(N(C)C)cc2)[nH]c2ccc(F)cc12,active
CCc1c(C(=O)NCCc2ccc(N3CCCCC3)cc2)[nH]c2ccc(F)cc12,active
CCCCCCC(C)(C)c1ccc([C@@H]2C[C@H](O)CC[C@H]2CCCO)c(O)c1,active
COCC#Cc1ccc(-c2c(C)c(C(=O)NN3CCCCC3)nn2-c2ccc(Cl)cc2Cl)s1,active
CC1(C)C[C@@H](NC(=O)c2n[nH]c3ccccc23)c2cc(-c3ccc(Cl)cc3)c(-c3ccc(Cl)cc3Cl)nc2O1,active
O=C(C1CCCCC1)N1CCN(S(=O)(=O)c2cccc3ccccc23)CC1C(F)(F)F,active
Cc1ccc(-c2cc(C#N)c(OCc3ccc(F)c(F)c3)nc2-c2ccc(Cl)cc2Cl)cc1,active
Cc1c(C(=O)NCc2ccc(Cl)c(Cl)c2)nn(-c2c(Cl)cc(Cl)cc2Cl)c1-n1cccc1,active
Nc1nnc(-c2cc(C(F)(F)F)cc(S(=O)(=O)N3CCN(C(=O)[C@@H]4C[C@H]4c4ccc(C(F)(F)F)cc4)CC3)c2)o1,active
O=C(c1ccc(Cl)cc1)N1CC[C@](O)(c2ccccc2)[C@H]2CCCC[C@H]21,active
C[C@H](N/C(=N\S(=O)(=O)c1ccc(Cl)cc1)N1CC(c2ccccc2)C(c2ccc(Cl)cc2)=N1)C(N)=O,active
Cc1ccncc1NC(=O)c1nn(-c2ccccc2Cl)c(-c2ccc(Cl)cc2)c1CC(N)=O,active
O=C(NC1CCCCC1)N1CCN(C(c2ccc(Oc3ccccc3)cc2)c2ccc(Cl)cc2Cl)CC1,active
O=C1N=C(Nc2cccc(C(F)(F)F)c2)S/C1=C\c1cccnc1,active
O=S(=O)(NCc1ccc(-c2ccsc2)cc1)c1cc2ccccc2[nH]1,active
C[C@H](NS(=O)(=O)c1cc(Cl)ccc1Cl)[C@@H](Cc1ccc(Cl)cc1)c1cccc(C#N)c1,active
CCCCOc1nc(-c2ccc(Cl)cc2Cl)c(-c2ccc(Cl)cc2)cc1C(=O)OC,active
C[C@H](NS(=O)(=O)c1cccc(Cl)c1)[C@@H](Cc1ccc(Cl)cc1)c1cccc(C#N)c1,active
C[C@H](NS(=O)(=O)C(C)(C)C)[C@@H](Cc1ccc(Cl)cc1)c1cccc(C#N)c1,inactive
O=C1CC2(CCCCC2)Oc2nc(-c3ccccc3Cl)c(-c3ccc(Cl)cc3)cc21,active
C[C@H](NS(=O)(=O)/C=C/c1ccccc1)[C@@H](Cc1ccc(Cl)cc1)c1cccc(C#N)c1,active
N#CCc1c(C(=O)NC2CCCCC2)nn(-c2ccccc2Cl)c1-c1ccc(Cl)cc1,active
CC(C)(C)N1CCN(c2nc(-c3ccccc3Cl)c(-c3ccc(Cl)cc3)cc2C#N)CC1,active
CCCCNC(=O)N1CCN(C(c2ccccc2)c2ccc(Cl)cc2Cl)CC1,active
N#Cc1cc(-c2ccc(Cl)cc2)c(-c2ccc(Cl)cc2Cl)nc1Oc1cccc(Cl)c1,active
O=C(Cn1nc(-c2ccc(Cl)cc2Cl)c(-c2ccc(Cl)cc2Cl)n1)N1CCCCC1,active
CCCCCc1cc(O)c2c(c1)OC(C)(C)C1=C2C(OC(C)=O)C(C)(OC)CC1,inactive
N#Cc1cc(-c2ccc(F)cc2)c(-c2ccc(F)cc2F)nc1OCc1ccc(F)c(F)c1,active
CC1(C)CC(NC(=O)C(C)(C)CO)c2cc(-c3ccc(Cl)cc3)c(-c3ccc(Cl)cc3Cl)nc2O1,active
Cc1c(C(=O)NN2CCCCC2)nn(-c2ccc(Cl)c(Cl)c2)c1-n1c(C)ccc1C,active
CC(=O)Nc1c(C(C)=O)c(=O)n(CCO)c2nc(-c3ccc(Cl)cc3Cl)c(-c3ccc(Cl)cc3)cc12,active
CCCCCc1cc(OC(C)=O)c2c(c1)OC(C)(C)[C@@H]1CC=C(C)C[C@@H]21,active
O=C(NC1CCCCC1)N1CCN(C(c2ccccc2)c2ccc(F)cc2Cl)CC1,active
CS(=O)(=O)Cc1ccc(C(=O)Nc2cccnc2C(=O)NCC2CCC2)c2ccccc12,inactive
O=C(NCc1cccc(Cl)c1)c1ccc2c(c1)N=C(c1ccc(F)cc1)c1ccccc1S2(=O)=O,active
C[C@H](NC(=O)C(C)(C)Oc1cc(F)cc(F)c1)[C@@H](Cc1ccc(Cl)cc1)c1ccccc1,active
N#Cc1cc(-c2ccc(Cl)cc2)c(-c2ccc(Cl)cc2Cl)n(Cc2ccccc2)c1=O,inactive
O=C(Nc1ccc(Cl)cc1)Nc1cccc(-c2cccc(N3CCCC3)c2)c1,active
Cc1ccc(-c2nnc(C)c3nn(-c4ccccc4)cc23)cc1,inactive
Cc1c(C(=O)NCc2ccc(/N=N/c3ccccc3)cc2)nn(CCCCCO)c1-c1ccccc1,inactive
CS/C(N)=N/C(=N/S(=O)(=O)N1CCOCC1)N1CC(c2ccccc2)C(c2ccc(Cl)cc2)=N1,active
Cc1c(C(=O)c2cccc3ccccc23)c2cccc3c2n1[C@H](CN1CCOCC1)CO3,active
N/C(=N\S(=O)(=O)c1ccc(I)cc1)N1C[C@@H](c2ccccc2)C(c2ccc(Cl)cc2)=N1,active
C[C@H](NS(=O)(=O)Cc1ccc(Cl)cc1)[C@@H](Cc1ccc(Cl)cc1)c1cccc(C#N)c1,active
CCc1c(C2=NC3(CCCCC3)C(=O)N2)nn(-c2ccc(Cl)cc2Cl)c1-c1ccc(Cl)cc1,active
O=C(NC1CCCCC1)N1CCN(C(c2ccccc2)c2ccc(Cl)c(Cl)c2)CC1,active
O=C(Nc1ccc(Cl)cc1)Nc1cccc(-c2ccc(F)cc2)c1,active
Cc1ccc(C(F)(F)F)cc1Cn1c(C(=O)NCC(C)(C)CO)cc2cc(C#N)ccc21,active
CS/C(N)=N\C(=N\S(=O)(=O)N1CCC(F)(F)CC1)N1CC(c2ccccc2)C(c2ccc(Cl)cc2)=N1,active
Cc1ccc(-c2cc(SNC3CC4CCC3(C)C4(C)C)nnc2-c2ccc(C)cc2)cc1,active
O=S(=O)(NCc1ccc(-c2ccc(F)nc2F)cc1)c1cc2cc(Cl)ccc2[nH]1,active
O=C(c1c(NC(=O)C23CC4CC(CC2C4)C3)sc2c1CCOC2)N1CC(F)(F)C1,active
CCCC#Cc1ccc(-c2c(C)c(C(=O)NN3CCCCC3)nn2-c2ccc(Cl)cc2Cl)s1,active
Cc1c(C(=O)NC2CCCCC2)nn(-c2ccc(F)cc2F)c1-n1c(C)ccc1C,active
C[C@H](NC(=O)C(C)(C)Oc1ccc(C#N)cn1)[C@@H](Cc1ccc(OCCF)cc1)c1cccc(C#N)c1,active
O=S(=O)(NCc1ccc(-c2ccc(F)cc2)cc1)c1cc2cc(Br)ccc2[nH]1,active
Cn1cc(Cc2cccc(-c3cccc4c3OCO4)n2)c2cc(NC(=O)CC(C)(C)O)ccc21,active
COc1ccc(-n2c(-c3ccc(Cl)cc3)nn(C(=O)NC3CCCCC3)c2=O)cc1,active
COc1cccc(-c2c(C)c3c(n2-c2ccc(Cl)cc2Cl)CCN(C2CCCCC2)C3=O)c1,active
O=S(=O)(NCC1CCCO1)c1ccc(Nc2ccc(Cl)cc2Cl)cc1C(F)(F)F,inactive
COCc1ccc(C(=O)Nc2cccnc2C(=O)NCC2CCC2)c2ccccc12,inactive
Cc1[nH]nc(-c2ccc(O)cc2O)c1-c1ccc(Br)cc1,active
O=C(NCCc1ccc(Br)cc1)Nc1ccc(Cl)cc1,active
O=C(Cc1ccc2c(c1)OCO2)N1CCC(n2nc(-c3ccccc3)oc2=O)CC1,inactive
CC(C)(C)C(=O)Oc1cc(C(F)(F)F)cc(S(=O)(=O)N2CCN(C(=O)[C@@H]3C[C@H]3c3ccc(C(F)(F)F)cc3)CC2)c1,active
O=C(NC1CCCCC1)N1CCN(C(c2ccccc2)c2ccc(Cl)cc2F)CC1,active
CCCCc1nc2ccccc2n1C(=O)c1cccc2ccccc12,inactive
O=C(NCc1ccccc1)c1ccc(-c2ccc(Cl)cc2)c(-c2ccc(Cl)cc2Cl)n1,active
CC(=O)N[C@H]1CC(C)(C)Oc2nc(-c3ccc(Cl)cc3Cl)c(-c3ccc(Cl)cc3)cc21,active
CC(C)(Oc1ccc(C(F)(F)F)cn1)C(=O)N1CCC(Cc2ccc(Cl)cc2)(c2ccccc2)C1,active
N#CCc1c(C(=O)NCc2c(Cl)cccc2Cl)nn(-c2ccccc2Cl)c1-c1ccc(Cl)cc1,active
Cn1c(C(=O)NC2CCCCC2)nc(-c2ccccc2)c1-c1ccccc1,inactive
O=C(NCCc1ccccc1Cl)Nc1ccc(Cl)cc1,active
C[C@H](NS(=O)(=O)c1cccc2ccccc12)[C@@H](Cc1ccc(Cl)cc1)c1cccc(C#N)c1,active
N#Cc1cc(-c2ccc(Cl)cc2)c(-c2ccc(Cl)cc2Cl)nc1OCC1CCOC1,active
COc1ccc(-c2ncc(C(=O)NN3CCCCC3)nc2-c2ccc(OC)cc2)cc1,active
O=C(NC1CCCCC1)c1nc(-c2ccc(Cl)cc2)c(-c2ccc(Cl)cc2)o1,active
O=C1CC2(CCS(=O)(=O)CC2)Oc2nc(-c3ccccc3Cl)c(-c3ccc(Cl)cc3)cc21,active
O=C(Cc1ccc(C(F)(F)F)cc1)N1CCN(S(=O)(=O)c2cc(Br)cc(C(F)(F)F)c2)CC1,active
O=C(NCC1CCC1)c1ncccc1NC(=O)c1ccc(Cn2cccn2)c2ccccc12,inactive
Cc1c(C(=O)NN2CCCCC2)nn(-c2ccc(Cl)cc2Cl)c1-c1ccc(Cl)s1,active
Cc1nc(N2CCN(C(=O)c3ccncc3)CC2)c2c3c(sc2n1)CC(C)CC3,inactive
O=C(O)CCc1csc(NC(=O)c2cc3c(n(CC4CCCCC4)c2=O)CCCCCC3)n1,active
C[C@H](NS(=O)(=O)c1cc(Cl)cc(Cl)c1)[C@@H](Cc1ccc(Cl)cc1)c1cccc(C#N)c1,active
CCC(C)NS(=O)(=O)c1ccc(NC(=O)C(Sc2ccccc2)c2ccccc2)cc1,active
CN(C(=O)c1nc(-c2ccc(Cl)cc2Cl)c(-c2ccc(Cl)cc2)n1C)C1CCCCC1,active
CC(C)Nc1nc(C(C)(C)C)nc2nc(-c3ccccc3Cl)c(-c3ccc(Cl)cc3)cc12,active
O=C(NCCCc1ccccc1)Nc1ccc(Cl)cc1,inactive
CC(C)(C)c1nc(O)c2cc(-c3ccc(Cl)cc3)c(-c3ccccc3Cl)nc2n1,active
O=C([C@@H]1C[C@H]1c1ccc(C(F)(F)F)cc1)N1CCN(S(=O)(=O)c2cc(-c3noc(=O)[nH]3)cc(C(F)(F)F)c2)CC1,active
CCc1c(C(=O)NN2CCCCC2)nn(-c2ccc(Cl)cc2Cl)c1-c1ccc(C#CCC(C)C)s1,active
O=C(Cc1ccc(Cl)cc1)Nc1cccc(-c2cccc(N3CCCC3)c2)c1,inactive
CCCC1=Nc2cc(C(=O)NC3CCN(C(=O)OCC)CC3)ccc2Sc2ccccc21,active
N#CCc1c(C(=O)N2CCc3ccc(C(F)(F)F)cc3C2)nn(-c2ccccc2Cl)c1-c1ccc(Cl)cc1,active
CC(C)C(=O)NC1CCN(c2cnc(-c3ccc(C(F)(F)F)cc3)c(-c3ccncc3Cl)n2)CC1,active
O=C(NC[C@H]1C[C@@H]1c1ccccc1)Nc1ccc(Cl)cc1,inactive
Cn1c(C(C)(C)C)c/c(=N\C(=O)c2cccc(C(F)(F)F)c2F)n1CC1CC1,inactive
O=C([C@@H]1C[C@H]1c1ccc(C(F)(F)F)cc1)N1CCN(S(=O)(=O)c2cc(-c3n[nH]c(=O)o3)cc(C(F)(F)F)c2)CC1,active
C[C@H](NC(=O)C(C)(C)Oc1ccc(Cl)cc1)[C@@H](Cc1ccccc1)c1ccccc1,active
O=C(Nc1ccc(S(=O)(=O)Nc2nccs2)cc1)c1cc(-c2ccncc2)nc2ccccc12,inactive
Cc1cccc(OCC(=O)N2CCN(c3nc(C)nc4sc5c(c34)CCCC5)CC2)c1,inactive
C[C@H](NC(=O)C(C)(C)Oc1cc(C(F)(F)F)ncn1)[C@@H](Cc1ccc(OCCF)cc1)c1cccc(C#N)c1,active
COc1cccc(S(=O)(=O)/N=C(\N[C@H](C(N)=O)C(C)C)N2CC(c3ccccc3)C(c3ccc(Cl)cc3)=N2)c1,active
CC1(C)CC(n2ncc3c(cnn3CCN3CCOCC3)c2=O)CC(C)(C)C1,active
Cc1c(C(=O)NN2CCCCCC2)nn(-c2ccc(Cl)cc2Cl)c1-c1ccc(Cl)s1,active
O=S(=O)(NCC1CC1)c1ccc(Nc2ccc(F)cc2F)cc1,inactive
COc1ccc(S(=O)(=O)/N=C(\N[C@@H](C)C(N)=O)N2CC(c3ccccc3)C(c3ccc(Cl)cc3)=N2)cc1,active
CCN(CC)C(=O)c1nc(NC(C)C)c2cc(-c3ccc(Cl)cc3)c(-c3ccccc3Cl)nc2n1,active
COc1cc(F)ccc1-c1cccc(Cn2cnc3ccc(NC(=O)C(C)(C)C)cc32)c1,active
O=C([C@@H]1C[C@H]1c1ccc(C(F)(F)F)cc1)N1CCN(S(=O)(=O)c2cc(-c3ccn[nH]3)cc(C(F)(F)F)c2)CC1,active
CCCCc1cc(O)c2c(c1)OC(C)(C)[C@@H]1CCC(C)=C[C@@H]21,active
Cn1c(C(=O)NC(C)(C)C)nc(-c2ccc(Cl)cc2)c1-c1ccc(Cl)cc1,active
NC(=O)Cc1c(C(=O)N2CCC(O)(c3ccccn3)CC2)nn(-c2ccccc2Cl)c1-c1ccc(Cl)cc1,active
N=C(N)Cc1c(C(=O)N2CCC(c3ncccn3)CC2)nn(-c2ccccc2Cl)c1-c1ccc(Cl)cc1,active
COc1ccccc1OC(=O)c1ccc(C)c(S(=O)(=O)N2CCOCC2)c1,inactive
O=S(=O)(NCc1cccc(-c2ccc(F)cc2)c1)c1cc2ccccc2[nH]1,active
Fc1ccc(C(c2ccc(F)cc2)N2CCN(C/C=C/c3ccccc3)CC2)cc1,inactive
O=C(NCCc1ccc(N2CCCCC2)cc1)Nc1ccc(Cl)cc1,active
N#Cc1cc(-c2ccc(Cl)cc2)c(-c2ccc(Cl)cc2Cl)nc1OCc1cc(F)cc(F)c1,active
N=C(N)Cc1c(C(=O)N2CCC(O)(c3ccc(F)cc3)CC2)nn(-c2ccccc2Cl)c1-c1ccc(Cl)cc1,active
N#CCc1c(C(=O)NN2CCOCC2)nn(-c2ccccc2Cl)c1-c1ccc(Cl)cc1,active
CN1C(c2nn(-c3ccc(Cl)cc3Cl)c(-c3ccc(Cl)cc3)c2Br)=NC(=O)C1(C)C,active
O=S(=O)(NCc1ccco1)c1ccc(Nc2ccc(F)cc2F)cc1C(F)(F)F,inactive
Cc1cc(C)cc(NC(=O)Nc2cccc(-c3cccc(N4CCCC4)n3)c2)c1,inactive
Cc1c(S(=O)(=O)NCc2ccc(Cl)cc2)[nH]c2ccccc12,active
Cc1c(C(=O)NCc2ccc(/N=N\c3ccccc3)cc2)nn(CCCCCO)c1-c1ccccc1,inactive
Cc1c(C(=O)NCc2ccc(Cl)c(Cl)c2)nn(-c2ccc(Cl)cc2Cl)c1-n1c(C)ccc1C,active
O=C(NCc1cccc(Cl)c1)c1ccc2c(c1)N=C(c1ccc(F)cc1)c1ccccc1[S+]2[O-],active
CCCN(CCC)c1ccc(CCNC(=O)c2[nH]c3ccc(Cl)cc3c2CC)cc1,inactive
CN(C)CCNc1cnn(C2CC(C)(C)CC(C)(C)C2)c(=O)c1Br,inactive
O=C(Nc1ccc(Cl)nc1)Nc1cccc(-c2cccc(N3CCCC3)n2)c1,active
CC(C)(C)C(=O)Nc1ccc2ncn(Cc3cccc(-c4cccc5c4OCO5)n3)c2c1,active
Cc1c(C(=O)NN2CCCCC2)nn(-c2ccc(Cl)cc2Cl)c1-c1ccc(Cl)cc1,active
C[C@H](NC(=O)C(C)(C)Oc1ccc(Cl)cc1)[C@@H](Cc1ccc(Cl)cc1)c1ccccc1,active
C[C@H](NS(=O)(=O)Cc1ccccc1Cl)[C@@H](Cc1ccc(Cl)cc1)c1cccc(C#N)c1,active
O=C(Nc1ccccc1)c1cnc(-c2ccccc2Cl)c(-c2ccccc2Cl)n1,active
COc1ccc(C(F)(F)F)cc1Cn1c(C(=O)NCC2(CO)CC2)cc2cc(C#N)ccc21,active
COc1ccc(-c2sc3ccccc3c2C(=O)c2cccc3ccccc23)cc1,inactive
Cc1ccc(-c2nnc(C)c3nn(-c4ccc(C)cc4)cc23)cc1,inactive
N#Cc1cc(-c2ccc(Cl)cc2)c(-c2ccc(Cl)cc2Cl)nc1Oc1ccc(Cl)cc1,active
CC(C)(C)c1nc2nc(-c3ccccc3Cl)c(-c3ccc(C(F)(F)F)cc3)cc2c2n[nH]c(=O)n12,active
N#CCc1c(C(=O)N2Cc3ccc(Br)cc3C2)nn(-c2ccccc2Cl)c1-c1ccc(Cl)cc1,active
CC(C)NC(=O)N1CCN(C(c2ccc(Br)cc2)c2ccccc2Cl)CC1,active
O=C(c1ccc2ccccc2n1)N1CC[C@](O)(c2ccccc2)[C@H]2CCCC[C@@H]21,inactive
O=S(=O)(NCc1ccc(-c2ccccc2)cc1)c1cc2ccc(F)cc2[nH]1,active
COc1ccc(S(=O)(=O)Nc2ccc(F)cc2)cc1N(C)S(=O)(=O)c1ccc(Cl)cc1,inactive
COc1cc(CCNC(=O)Nc2ccc(Cl)cc2)cc(OC)c1,inactive
O=C(Oc1cccc2cccnc12)c1cccc(S(=O)(=O)N2CCCCC2)c1,active
CCCCCCCCCCCCC/C(=N\O)c1cc(-c2ccc(O)c(F)c2)ccc1O,inactive
CC(C)C(=O)c1oc2nc(-c3ccccc3Cl)c(-c3ccc(Cl)cc3)cc2c1N,active
Cc1c(C(=O)NN2CCCCC2)nn(-c2ccc(Cl)c(Cl)c2)c1-n1cccc1,active
O=C(NCC1CCCCC1)c1ncccc1NC(=O)c1cccc2ccccc12,active
CC1(C)CC(n2ncc(NCCN3CCOCC3)c(Cl)c2=O)CC(C)(C)C1,inactive
COc1cc(F)ccc1-c1cccc(Cc2cn(C)c3ccc(NC(=O)CC(C)(C)O)cc23)n1,active
CCCNC(=O)c1c(NC(=O)C23CC4CC(CC2C4)C3)sc2c1CCOC2,inactive
O=C(Cn1nc(-c2ccc(Cl)cc2Cl)c(-c2ccc(Cl)cc2Cl)n1)NCc1ccccc1F,active
N#CCc1c(C(=O)NCCc2ccccc2)nn(-c2ccccc2Cl)c1-c1ccc(Cl)cc1,active
Cc1nc(N)c2cc(-c3ccc(Cl)cc3)c(-c3ccccc3Cl)nc2n1,inactive
O=C(c1cccc(Cl)c1Cl)c1nc(CN2CCC(F)(F)CC2)c2ccccn12,active
CC(=O)Nc1c(C(C)=O)c(=O)n(Cc2ccccc2)c2nc(-c3ccc(Cl)cc3Cl)c(-c3ccc(Cl)cc3)cc12,active
CCCCC#Cc1ccc(-c2c(C)c(C(=O)NCCCC)nn2-c2ccc(Cl)cc2Cl)s1,active
O=C(NCCc1ccccc1F)Nc1ccc(Cl)cc1,active
Cc1ccc(-c2nn(C(=O)NC3CCCCC3)c(=O)n2-c2ccc(Cl)cc2)cc1,inactive
Cc1c(C(=O)NN2CCCCC2)nn(-c2ccc(Cl)cc2Cl)c1-c1ccc(C#CCOC(C)C)s1,active
N#Cc1cc(-c2ccc(Cl)cc2)c(-c2ccccc2Cl)nc1-c1cncnc1,active
C[C@H](NC(=O)CCc1ccccc1)[C@@H](Cc1ccc(Cl)cc1)c1cccc(C#N)c1,active
CC1CN(C(=O)C2CCCCC2)CCN1S(=O)(=O)c1cccc2ccccc12,inactive
CCCc1cc(O)c2c(c1)OC(C)(C)[C@@H]1CCC(C(=O)O)=C[C@@H]21,inactive
Cc1nnc(-c2ccc(Cl)cc2)c2cn(-c3ccccc3)nc12,inactive
